,datafile,recorded_time,hour_min,predictions,motion
0,14:25:01.644507.csv,14:25:01.644507,14:25,1,flap
1,14:25:01.644507.csv,14:25:01.644507,14:25,1,flap
2,14:25:01.644507.csv,14:25:01.644507,14:25,1,flap
0,14:26:02.793943.csv,14:26:02.793943,14:26,1,flap
1,14:26:02.793943.csv,14:26:02.793943,14:26,1,flap
2,14:26:02.793943.csv,14:26:02.793943,14:26,1,flap
0,14:27:03.859270.csv,14:27:03.859270,14:27,1,flap
1,14:27:03.859270.csv,14:27:03.859270,14:27,1,flap
2,14:27:03.859270.csv,14:27:03.859270,14:27,1,flap
0,14:28:05.006468.csv,14:28:05.006468,14:28,0,walk
1,14:28:05.006468.csv,14:28:05.006468,14:28,1,flap
2,14:28:05.006468.csv,14:28:05.006468,14:28,0,walk
0,14:29:06.211864.csv,14:29:06.211864,14:29,1,flap
1,14:29:06.211864.csv,14:29:06.211864,14:29,1,flap
2,14:29:06.211864.csv,14:29:06.211864,14:29,1,flap
0,14:33:04.365161.csv,14:33:04.365161,14:33,2,still
1,14:33:04.365161.csv,14:33:04.365161,14:33,0,walk
2,14:33:04.365161.csv,14:33:04.365161,14:33,0,walk
3,14:33:04.365161.csv,14:33:04.365161,14:33,0,walk
4,14:33:04.365161.csv,14:33:04.365161,14:33,0,walk
5,14:33:04.365161.csv,14:33:04.365161,14:33,1,flap
6,14:33:04.365161.csv,14:33:04.365161,14:33,1,flap
7,14:33:04.365161.csv,14:33:04.365161,14:33,1,flap
8,14:33:04.365161.csv,14:33:04.365161,14:33,2,still
9,14:33:04.365161.csv,14:33:04.365161,14:33,0,walk
10,14:33:04.365161.csv,14:33:04.365161,14:33,0,walk
11,14:33:04.365161.csv,14:33:04.365161,14:33,0,walk
12,14:33:04.365161.csv,14:33:04.365161,14:33,2,still
13,14:33:04.365161.csv,14:33:04.365161,14:33,0,walk
14,14:33:04.365161.csv,14:33:04.365161,14:33,1,flap
15,14:33:04.365161.csv,14:33:04.365161,14:33,1,flap
16,14:33:04.365161.csv,14:33:04.365161,14:33,1,flap
17,14:33:04.365161.csv,14:33:04.365161,14:33,1,flap
18,14:33:04.365161.csv,14:33:04.365161,14:33,1,flap
19,14:33:04.365161.csv,14:33:04.365161,14:33,1,flap
20,14:33:04.365161.csv,14:33:04.365161,14:33,1,flap
21,14:33:04.365161.csv,14:33:04.365161,14:33,1,flap
22,14:33:04.365161.csv,14:33:04.365161,14:33,1,flap
23,14:33:04.365161.csv,14:33:04.365161,14:33,1,flap
24,14:33:04.365161.csv,14:33:04.365161,14:33,0,walk
25,14:33:04.365161.csv,14:33:04.365161,14:33,0,walk
26,14:33:04.365161.csv,14:33:04.365161,14:33,1,flap
0,14:34:08.624880.csv,14:34:08.624880,14:34,1,flap
1,14:34:08.624880.csv,14:34:08.624880,14:34,1,flap
2,14:34:08.624880.csv,14:34:08.624880,14:34,1,flap
3,14:34:08.624880.csv,14:34:08.624880,14:34,1,flap
4,14:34:08.624880.csv,14:34:08.624880,14:34,1,flap
5,14:34:08.624880.csv,14:34:08.624880,14:34,0,walk
6,14:34:08.624880.csv,14:34:08.624880,14:34,0,walk
7,14:34:08.624880.csv,14:34:08.624880,14:34,0,walk
8,14:34:08.624880.csv,14:34:08.624880,14:34,0,walk
9,14:34:08.624880.csv,14:34:08.624880,14:34,1,flap
10,14:34:08.624880.csv,14:34:08.624880,14:34,1,flap
11,14:34:08.624880.csv,14:34:08.624880,14:34,1,flap
12,14:34:08.624880.csv,14:34:08.624880,14:34,2,still
13,14:34:08.624880.csv,14:34:08.624880,14:34,0,walk
14,14:34:08.624880.csv,14:34:08.624880,14:34,0,walk
15,14:34:08.624880.csv,14:34:08.624880,14:34,0,walk
16,14:34:08.624880.csv,14:34:08.624880,14:34,0,walk
17,14:34:08.624880.csv,14:34:08.624880,14:34,1,flap
18,14:34:08.624880.csv,14:34:08.624880,14:34,1,flap
19,14:34:08.624880.csv,14:34:08.624880,14:34,1,flap
20,14:34:08.624880.csv,14:34:08.624880,14:34,1,flap
21,14:34:08.624880.csv,14:34:08.624880,14:34,1,flap
22,14:34:08.624880.csv,14:34:08.624880,14:34,1,flap
23,14:34:08.624880.csv,14:34:08.624880,14:34,1,flap
24,14:34:08.624880.csv,14:34:08.624880,14:34,0,walk
25,14:34:08.624880.csv,14:34:08.624880,14:34,0,walk
26,14:34:08.624880.csv,14:34:08.624880,14:34,2,still
0,14:35:10.774714.csv,14:35:10.774714,14:35,1,flap
1,14:35:10.774714.csv,14:35:10.774714,14:35,1,flap
2,14:35:10.774714.csv,14:35:10.774714,14:35,1,flap
3,14:35:10.774714.csv,14:35:10.774714,14:35,1,flap
4,14:35:10.774714.csv,14:35:10.774714,14:35,1,flap
5,14:35:10.774714.csv,14:35:10.774714,14:35,1,flap
6,14:35:10.774714.csv,14:35:10.774714,14:35,0,walk
7,14:35:10.774714.csv,14:35:10.774714,14:35,0,walk
8,14:35:10.774714.csv,14:35:10.774714,14:35,2,still
9,14:35:10.774714.csv,14:35:10.774714,14:35,1,flap
10,14:35:10.774714.csv,14:35:10.774714,14:35,1,flap
11,14:35:10.774714.csv,14:35:10.774714,14:35,1,flap
12,14:35:10.774714.csv,14:35:10.774714,14:35,1,flap
13,14:35:10.774714.csv,14:35:10.774714,14:35,1,flap
14,14:35:10.774714.csv,14:35:10.774714,14:35,1,flap
15,14:35:10.774714.csv,14:35:10.774714,14:35,0,walk
16,14:35:10.774714.csv,14:35:10.774714,14:35,0,walk
17,14:35:10.774714.csv,14:35:10.774714,14:35,1,flap
18,14:35:10.774714.csv,14:35:10.774714,14:35,2,still
19,14:35:10.774714.csv,14:35:10.774714,14:35,0,walk
20,14:35:10.774714.csv,14:35:10.774714,14:35,0,walk
21,14:35:10.774714.csv,14:35:10.774714,14:35,1,flap
22,14:35:10.774714.csv,14:35:10.774714,14:35,1,flap
23,14:35:10.774714.csv,14:35:10.774714,14:35,1,flap
24,14:35:10.774714.csv,14:35:10.774714,14:35,1,flap
25,14:35:10.774714.csv,14:35:10.774714,14:35,0,walk
26,14:35:10.774714.csv,14:35:10.774714,14:35,0,walk
0,14:36:12.855753.csv,14:36:12.855753,14:36,0,walk
1,14:36:12.855753.csv,14:36:12.855753,14:36,1,flap
2,14:36:12.855753.csv,14:36:12.855753,14:36,1,flap
3,14:36:12.855753.csv,14:36:12.855753,14:36,1,flap
4,14:36:12.855753.csv,14:36:12.855753,14:36,1,flap
5,14:36:12.855753.csv,14:36:12.855753,14:36,1,flap
6,14:36:12.855753.csv,14:36:12.855753,14:36,0,walk
7,14:36:12.855753.csv,14:36:12.855753,14:36,0,walk
8,14:36:12.855753.csv,14:36:12.855753,14:36,0,walk
9,14:36:12.855753.csv,14:36:12.855753,14:36,0,walk
10,14:36:12.855753.csv,14:36:12.855753,14:36,0,walk
11,14:36:12.855753.csv,14:36:12.855753,14:36,0,walk
12,14:36:12.855753.csv,14:36:12.855753,14:36,1,flap
13,14:36:12.855753.csv,14:36:12.855753,14:36,1,flap
14,14:36:12.855753.csv,14:36:12.855753,14:36,1,flap
15,14:36:12.855753.csv,14:36:12.855753,14:36,1,flap
16,14:36:12.855753.csv,14:36:12.855753,14:36,1,flap
17,14:36:12.855753.csv,14:36:12.855753,14:36,0,walk
18,14:36:12.855753.csv,14:36:12.855753,14:36,0,walk
19,14:36:12.855753.csv,14:36:12.855753,14:36,2,still
20,14:36:12.855753.csv,14:36:12.855753,14:36,2,still
21,14:36:12.855753.csv,14:36:12.855753,14:36,1,flap
22,14:36:12.855753.csv,14:36:12.855753,14:36,1,flap
23,14:36:12.855753.csv,14:36:12.855753,14:36,1,flap
24,14:36:12.855753.csv,14:36:12.855753,14:36,1,flap
25,14:36:12.855753.csv,14:36:12.855753,14:36,1,flap
26,14:36:12.855753.csv,14:36:12.855753,14:36,0,walk
0,14:37:14.666480.csv,14:37:14.666480,14:37,1,flap
1,14:37:14.666480.csv,14:37:14.666480,14:37,1,flap
2,14:37:14.666480.csv,14:37:14.666480,14:37,2,still
3,14:37:14.666480.csv,14:37:14.666480,14:37,0,walk
4,14:37:14.666480.csv,14:37:14.666480,14:37,1,flap
5,14:37:14.666480.csv,14:37:14.666480,14:37,1,flap
6,14:37:14.666480.csv,14:37:14.666480,14:37,0,walk
7,14:37:14.666480.csv,14:37:14.666480,14:37,1,flap
8,14:37:14.666480.csv,14:37:14.666480,14:37,1,flap
9,14:37:14.666480.csv,14:37:14.666480,14:37,1,flap
10,14:37:14.666480.csv,14:37:14.666480,14:37,0,walk
11,14:37:14.666480.csv,14:37:14.666480,14:37,0,walk
12,14:37:14.666480.csv,14:37:14.666480,14:37,0,walk
13,14:37:14.666480.csv,14:37:14.666480,14:37,0,walk
14,14:37:14.666480.csv,14:37:14.666480,14:37,1,flap
15,14:37:14.666480.csv,14:37:14.666480,14:37,0,walk
16,14:37:14.666480.csv,14:37:14.666480,14:37,1,flap
17,14:37:14.666480.csv,14:37:14.666480,14:37,1,flap
18,14:37:14.666480.csv,14:37:14.666480,14:37,1,flap
19,14:37:14.666480.csv,14:37:14.666480,14:37,1,flap
20,14:37:14.666480.csv,14:37:14.666480,14:37,1,flap
21,14:37:14.666480.csv,14:37:14.666480,14:37,2,still
22,14:37:14.666480.csv,14:37:14.666480,14:37,1,flap
23,14:37:14.666480.csv,14:37:14.666480,14:37,1,flap
24,14:37:14.666480.csv,14:37:14.666480,14:37,1,flap
25,14:37:14.666480.csv,14:37:14.666480,14:37,1,flap
26,14:37:14.666480.csv,14:37:14.666480,14:37,1,flap
0,14:38:16.524267.csv,14:38:16.524267,14:38,1,flap
1,14:38:16.524267.csv,14:38:16.524267,14:38,1,flap
2,14:38:16.524267.csv,14:38:16.524267,14:38,1,flap
3,14:38:16.524267.csv,14:38:16.524267,14:38,1,flap
4,14:38:16.524267.csv,14:38:16.524267,14:38,1,flap
5,14:38:16.524267.csv,14:38:16.524267,14:38,1,flap
6,14:38:16.524267.csv,14:38:16.524267,14:38,1,flap
7,14:38:16.524267.csv,14:38:16.524267,14:38,1,flap
8,14:38:16.524267.csv,14:38:16.524267,14:38,1,flap
9,14:38:16.524267.csv,14:38:16.524267,14:38,1,flap
10,14:38:16.524267.csv,14:38:16.524267,14:38,1,flap
11,14:38:16.524267.csv,14:38:16.524267,14:38,1,flap
12,14:38:16.524267.csv,14:38:16.524267,14:38,1,flap
13,14:38:16.524267.csv,14:38:16.524267,14:38,0,walk
14,14:38:16.524267.csv,14:38:16.524267,14:38,1,flap
15,14:38:16.524267.csv,14:38:16.524267,14:38,1,flap
16,14:38:16.524267.csv,14:38:16.524267,14:38,2,still
17,14:38:16.524267.csv,14:38:16.524267,14:38,0,walk
18,14:38:16.524267.csv,14:38:16.524267,14:38,0,walk
19,14:38:16.524267.csv,14:38:16.524267,14:38,0,walk
20,14:38:16.524267.csv,14:38:16.524267,14:38,0,walk
21,14:38:16.524267.csv,14:38:16.524267,14:38,1,flap
22,14:38:16.524267.csv,14:38:16.524267,14:38,1,flap
23,14:38:16.524267.csv,14:38:16.524267,14:38,1,flap
24,14:38:16.524267.csv,14:38:16.524267,14:38,1,flap
25,14:38:16.524267.csv,14:38:16.524267,14:38,1,flap
26,14:38:16.524267.csv,14:38:16.524267,14:38,0,walk
0,14:39:20.025082.csv,14:39:20.025082,14:39,1,flap
1,14:39:20.025082.csv,14:39:20.025082,14:39,1,flap
2,14:39:20.025082.csv,14:39:20.025082,14:39,1,flap
3,14:39:20.025082.csv,14:39:20.025082,14:39,2,still
4,14:39:20.025082.csv,14:39:20.025082,14:39,1,flap
5,14:39:20.025082.csv,14:39:20.025082,14:39,1,flap
6,14:39:20.025082.csv,14:39:20.025082,14:39,1,flap
7,14:39:20.025082.csv,14:39:20.025082,14:39,1,flap
8,14:39:20.025082.csv,14:39:20.025082,14:39,2,still
9,14:39:20.025082.csv,14:39:20.025082,14:39,1,flap
10,14:39:20.025082.csv,14:39:20.025082,14:39,2,still
11,14:39:20.025082.csv,14:39:20.025082,14:39,2,still
12,14:39:20.025082.csv,14:39:20.025082,14:39,2,still
13,14:39:20.025082.csv,14:39:20.025082,14:39,2,still
14,14:39:20.025082.csv,14:39:20.025082,14:39,0,walk
15,14:39:20.025082.csv,14:39:20.025082,14:39,1,flap
16,14:39:20.025082.csv,14:39:20.025082,14:39,1,flap
17,14:39:20.025082.csv,14:39:20.025082,14:39,1,flap
18,14:39:20.025082.csv,14:39:20.025082,14:39,0,walk
19,14:39:20.025082.csv,14:39:20.025082,14:39,0,walk
20,14:39:20.025082.csv,14:39:20.025082,14:39,1,flap
21,14:39:20.025082.csv,14:39:20.025082,14:39,1,flap
22,14:39:20.025082.csv,14:39:20.025082,14:39,1,flap
23,14:39:20.025082.csv,14:39:20.025082,14:39,1,flap
24,14:39:20.025082.csv,14:39:20.025082,14:39,0,walk
25,14:39:20.025082.csv,14:39:20.025082,14:39,1,flap
26,14:39:20.025082.csv,14:39:20.025082,14:39,1,flap
0,14:40:22.583009.csv,14:40:22.583009,14:40,1,flap
1,14:40:22.583009.csv,14:40:22.583009,14:40,2,still
2,14:40:22.583009.csv,14:40:22.583009,14:40,2,still
3,14:40:22.583009.csv,14:40:22.583009,14:40,0,walk
4,14:40:22.583009.csv,14:40:22.583009,14:40,0,walk
5,14:40:22.583009.csv,14:40:22.583009,14:40,0,walk
6,14:40:22.583009.csv,14:40:22.583009,14:40,2,still
7,14:40:22.583009.csv,14:40:22.583009,14:40,0,walk
8,14:40:22.583009.csv,14:40:22.583009,14:40,1,flap
9,14:40:22.583009.csv,14:40:22.583009,14:40,2,still
10,14:40:22.583009.csv,14:40:22.583009,14:40,2,still
11,14:40:22.583009.csv,14:40:22.583009,14:40,2,still
12,14:40:22.583009.csv,14:40:22.583009,14:40,0,walk
13,14:40:22.583009.csv,14:40:22.583009,14:40,0,walk
14,14:40:22.583009.csv,14:40:22.583009,14:40,0,walk
15,14:40:22.583009.csv,14:40:22.583009,14:40,1,flap
16,14:40:22.583009.csv,14:40:22.583009,14:40,0,walk
17,14:40:22.583009.csv,14:40:22.583009,14:40,1,flap
18,14:40:22.583009.csv,14:40:22.583009,14:40,1,flap
19,14:40:22.583009.csv,14:40:22.583009,14:40,1,flap
20,14:40:22.583009.csv,14:40:22.583009,14:40,1,flap
21,14:40:22.583009.csv,14:40:22.583009,14:40,1,flap
22,14:40:22.583009.csv,14:40:22.583009,14:40,0,walk
23,14:40:22.583009.csv,14:40:22.583009,14:40,0,walk
24,14:40:22.583009.csv,14:40:22.583009,14:40,0,walk
25,14:40:22.583009.csv,14:40:22.583009,14:40,0,walk
26,14:40:22.583009.csv,14:40:22.583009,14:40,1,flap
0,14:41:26.953673.csv,14:41:26.953673,14:41,0,walk
1,14:41:26.953673.csv,14:41:26.953673,14:41,0,walk
2,14:41:26.953673.csv,14:41:26.953673,14:41,1,flap
3,14:41:26.953673.csv,14:41:26.953673,14:41,1,flap
4,14:41:26.953673.csv,14:41:26.953673,14:41,1,flap
5,14:41:26.953673.csv,14:41:26.953673,14:41,1,flap
6,14:41:26.953673.csv,14:41:26.953673,14:41,1,flap
7,14:41:26.953673.csv,14:41:26.953673,14:41,1,flap
8,14:41:26.953673.csv,14:41:26.953673,14:41,1,flap
9,14:41:26.953673.csv,14:41:26.953673,14:41,0,walk
10,14:41:26.953673.csv,14:41:26.953673,14:41,1,flap
11,14:41:26.953673.csv,14:41:26.953673,14:41,0,walk
12,14:41:26.953673.csv,14:41:26.953673,14:41,1,flap
13,14:41:26.953673.csv,14:41:26.953673,14:41,1,flap
14,14:41:26.953673.csv,14:41:26.953673,14:41,1,flap
15,14:41:26.953673.csv,14:41:26.953673,14:41,1,flap
16,14:41:26.953673.csv,14:41:26.953673,14:41,1,flap
17,14:41:26.953673.csv,14:41:26.953673,14:41,1,flap
18,14:41:26.953673.csv,14:41:26.953673,14:41,1,flap
19,14:41:26.953673.csv,14:41:26.953673,14:41,1,flap
20,14:41:26.953673.csv,14:41:26.953673,14:41,1,flap
21,14:41:26.953673.csv,14:41:26.953673,14:41,1,flap
22,14:41:26.953673.csv,14:41:26.953673,14:41,0,walk
23,14:41:26.953673.csv,14:41:26.953673,14:41,0,walk
24,14:41:26.953673.csv,14:41:26.953673,14:41,1,flap
25,14:41:26.953673.csv,14:41:26.953673,14:41,1,flap
26,14:41:26.953673.csv,14:41:26.953673,14:41,1,flap
0,14:42:28.386576.csv,14:42:28.386576,14:42,1,flap
1,14:42:28.386576.csv,14:42:28.386576,14:42,0,walk
2,14:42:28.386576.csv,14:42:28.386576,14:42,0,walk
3,14:42:28.386576.csv,14:42:28.386576,14:42,0,walk
4,14:42:28.386576.csv,14:42:28.386576,14:42,1,flap
5,14:42:28.386576.csv,14:42:28.386576,14:42,0,walk
6,14:42:28.386576.csv,14:42:28.386576,14:42,0,walk
7,14:42:28.386576.csv,14:42:28.386576,14:42,0,walk
8,14:42:28.386576.csv,14:42:28.386576,14:42,0,walk
9,14:42:28.386576.csv,14:42:28.386576,14:42,0,walk
10,14:42:28.386576.csv,14:42:28.386576,14:42,1,flap
11,14:42:28.386576.csv,14:42:28.386576,14:42,1,flap
12,14:42:28.386576.csv,14:42:28.386576,14:42,1,flap
13,14:42:28.386576.csv,14:42:28.386576,14:42,1,flap
14,14:42:28.386576.csv,14:42:28.386576,14:42,1,flap
15,14:42:28.386576.csv,14:42:28.386576,14:42,0,walk
16,14:42:28.386576.csv,14:42:28.386576,14:42,0,walk
17,14:42:28.386576.csv,14:42:28.386576,14:42,0,walk
18,14:42:28.386576.csv,14:42:28.386576,14:42,0,walk
19,14:42:28.386576.csv,14:42:28.386576,14:42,1,flap
20,14:42:28.386576.csv,14:42:28.386576,14:42,1,flap
21,14:42:28.386576.csv,14:42:28.386576,14:42,1,flap
22,14:42:28.386576.csv,14:42:28.386576,14:42,1,flap
23,14:42:28.386576.csv,14:42:28.386576,14:42,1,flap
24,14:42:28.386576.csv,14:42:28.386576,14:42,0,walk
25,14:42:28.386576.csv,14:42:28.386576,14:42,0,walk
26,14:42:28.386576.csv,14:42:28.386576,14:42,1,flap
0,14:43:29.897565.csv,14:43:29.897565,14:43,1,flap
1,14:43:29.897565.csv,14:43:29.897565,14:43,1,flap
2,14:43:29.897565.csv,14:43:29.897565,14:43,1,flap
3,14:43:29.897565.csv,14:43:29.897565,14:43,0,walk
4,14:43:29.897565.csv,14:43:29.897565,14:43,1,flap
5,14:43:29.897565.csv,14:43:29.897565,14:43,1,flap
6,14:43:29.897565.csv,14:43:29.897565,14:43,1,flap
7,14:43:29.897565.csv,14:43:29.897565,14:43,1,flap
8,14:43:29.897565.csv,14:43:29.897565,14:43,1,flap
9,14:43:29.897565.csv,14:43:29.897565,14:43,1,flap
10,14:43:29.897565.csv,14:43:29.897565,14:43,1,flap
11,14:43:29.897565.csv,14:43:29.897565,14:43,0,walk
12,14:43:29.897565.csv,14:43:29.897565,14:43,1,flap
13,14:43:29.897565.csv,14:43:29.897565,14:43,0,walk
14,14:43:29.897565.csv,14:43:29.897565,14:43,1,flap
15,14:43:29.897565.csv,14:43:29.897565,14:43,2,still
16,14:43:29.897565.csv,14:43:29.897565,14:43,1,flap
17,14:43:29.897565.csv,14:43:29.897565,14:43,1,flap
18,14:43:29.897565.csv,14:43:29.897565,14:43,1,flap
19,14:43:29.897565.csv,14:43:29.897565,14:43,1,flap
20,14:43:29.897565.csv,14:43:29.897565,14:43,0,walk
21,14:43:29.897565.csv,14:43:29.897565,14:43,0,walk
22,14:43:29.897565.csv,14:43:29.897565,14:43,1,flap
23,14:43:29.897565.csv,14:43:29.897565,14:43,1,flap
24,14:43:29.897565.csv,14:43:29.897565,14:43,2,still
25,14:43:29.897565.csv,14:43:29.897565,14:43,2,still
26,14:43:29.897565.csv,14:43:29.897565,14:43,2,still
0,14:58:08.164931.csv,14:58:08.164931,14:58,1,flap
1,14:58:08.164931.csv,14:58:08.164931,14:58,1,flap
2,14:58:08.164931.csv,14:58:08.164931,14:58,1,flap
3,14:58:08.164931.csv,14:58:08.164931,14:58,1,flap
4,14:58:08.164931.csv,14:58:08.164931,14:58,1,flap
5,14:58:08.164931.csv,14:58:08.164931,14:58,1,flap
6,14:58:08.164931.csv,14:58:08.164931,14:58,1,flap
7,14:58:08.164931.csv,14:58:08.164931,14:58,1,flap
8,14:58:08.164931.csv,14:58:08.164931,14:58,1,flap
9,14:58:08.164931.csv,14:58:08.164931,14:58,1,flap
10,14:58:08.164931.csv,14:58:08.164931,14:58,0,walk
11,14:58:08.164931.csv,14:58:08.164931,14:58,2,still
12,14:58:08.164931.csv,14:58:08.164931,14:58,0,walk
13,14:58:08.164931.csv,14:58:08.164931,14:58,1,flap
14,14:58:08.164931.csv,14:58:08.164931,14:58,0,walk
15,14:58:08.164931.csv,14:58:08.164931,14:58,1,flap
16,14:58:08.164931.csv,14:58:08.164931,14:58,1,flap
17,14:58:08.164931.csv,14:58:08.164931,14:58,1,flap
18,14:58:08.164931.csv,14:58:08.164931,14:58,0,walk
19,14:58:08.164931.csv,14:58:08.164931,14:58,1,flap
20,14:58:08.164931.csv,14:58:08.164931,14:58,2,still
21,14:58:08.164931.csv,14:58:08.164931,14:58,1,flap
22,14:58:08.164931.csv,14:58:08.164931,14:58,2,still
23,14:58:08.164931.csv,14:58:08.164931,14:58,2,still
24,14:58:08.164931.csv,14:58:08.164931,14:58,2,still
25,14:58:08.164931.csv,14:58:08.164931,14:58,2,still
26,14:58:08.164931.csv,14:58:08.164931,14:58,0,walk
0,15:03:09.583963.csv,15:03:09.583963,15:03,0,walk
1,15:03:09.583963.csv,15:03:09.583963,15:03,1,flap
2,15:03:09.583963.csv,15:03:09.583963,15:03,1,flap
3,15:03:09.583963.csv,15:03:09.583963,15:03,1,flap
4,15:03:09.583963.csv,15:03:09.583963,15:03,1,flap
5,15:03:09.583963.csv,15:03:09.583963,15:03,1,flap
6,15:03:09.583963.csv,15:03:09.583963,15:03,1,flap
7,15:03:09.583963.csv,15:03:09.583963,15:03,1,flap
8,15:03:09.583963.csv,15:03:09.583963,15:03,1,flap
9,15:03:09.583963.csv,15:03:09.583963,15:03,1,flap
10,15:03:09.583963.csv,15:03:09.583963,15:03,1,flap
11,15:03:09.583963.csv,15:03:09.583963,15:03,0,walk
12,15:03:09.583963.csv,15:03:09.583963,15:03,0,walk
13,15:03:09.583963.csv,15:03:09.583963,15:03,0,walk
14,15:03:09.583963.csv,15:03:09.583963,15:03,0,walk
15,15:03:09.583963.csv,15:03:09.583963,15:03,0,walk
16,15:03:09.583963.csv,15:03:09.583963,15:03,1,flap
17,15:03:09.583963.csv,15:03:09.583963,15:03,1,flap
18,15:03:09.583963.csv,15:03:09.583963,15:03,0,walk
19,15:03:09.583963.csv,15:03:09.583963,15:03,0,walk
20,15:03:09.583963.csv,15:03:09.583963,15:03,0,walk
21,15:03:09.583963.csv,15:03:09.583963,15:03,0,walk
22,15:03:09.583963.csv,15:03:09.583963,15:03,0,walk
23,15:03:09.583963.csv,15:03:09.583963,15:03,0,walk
24,15:03:09.583963.csv,15:03:09.583963,15:03,0,walk
25,15:03:09.583963.csv,15:03:09.583963,15:03,0,walk
26,15:03:09.583963.csv,15:03:09.583963,15:03,0,walk
0,15:08:12.253132.csv,15:08:12.253132,15:08,1,flap
1,15:08:12.253132.csv,15:08:12.253132,15:08,1,flap
2,15:08:12.253132.csv,15:08:12.253132,15:08,1,flap
3,15:08:12.253132.csv,15:08:12.253132,15:08,1,flap
4,15:08:12.253132.csv,15:08:12.253132,15:08,1,flap
5,15:08:12.253132.csv,15:08:12.253132,15:08,1,flap
6,15:08:12.253132.csv,15:08:12.253132,15:08,1,flap
7,15:08:12.253132.csv,15:08:12.253132,15:08,1,flap
8,15:08:12.253132.csv,15:08:12.253132,15:08,1,flap
9,15:08:12.253132.csv,15:08:12.253132,15:08,1,flap
10,15:08:12.253132.csv,15:08:12.253132,15:08,1,flap
11,15:08:12.253132.csv,15:08:12.253132,15:08,1,flap
12,15:08:12.253132.csv,15:08:12.253132,15:08,1,flap
13,15:08:12.253132.csv,15:08:12.253132,15:08,1,flap
14,15:08:12.253132.csv,15:08:12.253132,15:08,1,flap
15,15:08:12.253132.csv,15:08:12.253132,15:08,1,flap
16,15:08:12.253132.csv,15:08:12.253132,15:08,1,flap
17,15:08:12.253132.csv,15:08:12.253132,15:08,1,flap
18,15:08:12.253132.csv,15:08:12.253132,15:08,1,flap
19,15:08:12.253132.csv,15:08:12.253132,15:08,1,flap
20,15:08:12.253132.csv,15:08:12.253132,15:08,1,flap
21,15:08:12.253132.csv,15:08:12.253132,15:08,1,flap
22,15:08:12.253132.csv,15:08:12.253132,15:08,1,flap
23,15:08:12.253132.csv,15:08:12.253132,15:08,1,flap
24,15:08:12.253132.csv,15:08:12.253132,15:08,1,flap
25,15:08:12.253132.csv,15:08:12.253132,15:08,1,flap
26,15:08:12.253132.csv,15:08:12.253132,15:08,1,flap
0,15:13:14.828877.csv,15:13:14.828877,15:13,1,flap
1,15:13:14.828877.csv,15:13:14.828877,15:13,1,flap
2,15:13:14.828877.csv,15:13:14.828877,15:13,1,flap
3,15:13:14.828877.csv,15:13:14.828877,15:13,1,flap
4,15:13:14.828877.csv,15:13:14.828877,15:13,1,flap
5,15:13:14.828877.csv,15:13:14.828877,15:13,1,flap
6,15:13:14.828877.csv,15:13:14.828877,15:13,1,flap
7,15:13:14.828877.csv,15:13:14.828877,15:13,1,flap
8,15:13:14.828877.csv,15:13:14.828877,15:13,1,flap
9,15:13:14.828877.csv,15:13:14.828877,15:13,1,flap
10,15:13:14.828877.csv,15:13:14.828877,15:13,1,flap
11,15:13:14.828877.csv,15:13:14.828877,15:13,1,flap
12,15:13:14.828877.csv,15:13:14.828877,15:13,1,flap
13,15:13:14.828877.csv,15:13:14.828877,15:13,1,flap
14,15:13:14.828877.csv,15:13:14.828877,15:13,1,flap
15,15:13:14.828877.csv,15:13:14.828877,15:13,1,flap
16,15:13:14.828877.csv,15:13:14.828877,15:13,1,flap
17,15:13:14.828877.csv,15:13:14.828877,15:13,1,flap
18,15:13:14.828877.csv,15:13:14.828877,15:13,1,flap
19,15:13:14.828877.csv,15:13:14.828877,15:13,1,flap
20,15:13:14.828877.csv,15:13:14.828877,15:13,1,flap
21,15:13:14.828877.csv,15:13:14.828877,15:13,1,flap
22,15:13:14.828877.csv,15:13:14.828877,15:13,1,flap
23,15:13:14.828877.csv,15:13:14.828877,15:13,1,flap
24,15:13:14.828877.csv,15:13:14.828877,15:13,1,flap
25,15:13:14.828877.csv,15:13:14.828877,15:13,1,flap
26,15:13:14.828877.csv,15:13:14.828877,15:13,1,flap
0,15:18:13.080871.csv,15:18:13.080871,15:18,1,flap
1,15:18:13.080871.csv,15:18:13.080871,15:18,1,flap
2,15:18:13.080871.csv,15:18:13.080871,15:18,1,flap
3,15:18:13.080871.csv,15:18:13.080871,15:18,1,flap
4,15:18:13.080871.csv,15:18:13.080871,15:18,1,flap
5,15:18:13.080871.csv,15:18:13.080871,15:18,1,flap
6,15:18:13.080871.csv,15:18:13.080871,15:18,1,flap
7,15:18:13.080871.csv,15:18:13.080871,15:18,1,flap
8,15:18:13.080871.csv,15:18:13.080871,15:18,1,flap
9,15:18:13.080871.csv,15:18:13.080871,15:18,1,flap
10,15:18:13.080871.csv,15:18:13.080871,15:18,1,flap
11,15:18:13.080871.csv,15:18:13.080871,15:18,1,flap
12,15:18:13.080871.csv,15:18:13.080871,15:18,1,flap
13,15:18:13.080871.csv,15:18:13.080871,15:18,1,flap
14,15:18:13.080871.csv,15:18:13.080871,15:18,1,flap
15,15:18:13.080871.csv,15:18:13.080871,15:18,1,flap
16,15:18:13.080871.csv,15:18:13.080871,15:18,2,still
17,15:18:13.080871.csv,15:18:13.080871,15:18,1,flap
18,15:18:13.080871.csv,15:18:13.080871,15:18,1,flap
19,15:18:13.080871.csv,15:18:13.080871,15:18,1,flap
20,15:18:13.080871.csv,15:18:13.080871,15:18,1,flap
21,15:18:13.080871.csv,15:18:13.080871,15:18,1,flap
22,15:18:13.080871.csv,15:18:13.080871,15:18,1,flap
23,15:18:13.080871.csv,15:18:13.080871,15:18,1,flap
24,15:18:13.080871.csv,15:18:13.080871,15:18,1,flap
25,15:18:13.080871.csv,15:18:13.080871,15:18,1,flap
26,15:18:13.080871.csv,15:18:13.080871,15:18,1,flap
0,15:41:27.324666.csv,15:41:27.324666,15:41,1,flap
1,15:41:27.324666.csv,15:41:27.324666,15:41,1,flap
2,15:41:27.324666.csv,15:41:27.324666,15:41,1,flap
3,15:41:27.324666.csv,15:41:27.324666,15:41,1,flap
4,15:41:27.324666.csv,15:41:27.324666,15:41,1,flap
5,15:41:27.324666.csv,15:41:27.324666,15:41,1,flap
6,15:41:27.324666.csv,15:41:27.324666,15:41,1,flap
7,15:41:27.324666.csv,15:41:27.324666,15:41,1,flap
8,15:41:27.324666.csv,15:41:27.324666,15:41,1,flap
9,15:41:27.324666.csv,15:41:27.324666,15:41,1,flap
10,15:41:27.324666.csv,15:41:27.324666,15:41,1,flap
11,15:41:27.324666.csv,15:41:27.324666,15:41,1,flap
12,15:41:27.324666.csv,15:41:27.324666,15:41,1,flap
13,15:41:27.324666.csv,15:41:27.324666,15:41,1,flap
14,15:41:27.324666.csv,15:41:27.324666,15:41,1,flap
15,15:41:27.324666.csv,15:41:27.324666,15:41,1,flap
16,15:41:27.324666.csv,15:41:27.324666,15:41,1,flap
17,15:41:27.324666.csv,15:41:27.324666,15:41,1,flap
18,15:41:27.324666.csv,15:41:27.324666,15:41,1,flap
19,15:41:27.324666.csv,15:41:27.324666,15:41,1,flap
20,15:41:27.324666.csv,15:41:27.324666,15:41,1,flap
21,15:41:27.324666.csv,15:41:27.324666,15:41,1,flap
22,15:41:27.324666.csv,15:41:27.324666,15:41,1,flap
0,16:02:08.362238.csv,16:02:08.362238,16:02,1,flap
1,16:02:08.362238.csv,16:02:08.362238,16:02,2,still
2,16:02:08.362238.csv,16:02:08.362238,16:02,2,still
3,16:02:08.362238.csv,16:02:08.362238,16:02,2,still
4,16:02:08.362238.csv,16:02:08.362238,16:02,1,flap
5,16:02:08.362238.csv,16:02:08.362238,16:02,0,walk
6,16:02:08.362238.csv,16:02:08.362238,16:02,1,flap
7,16:02:08.362238.csv,16:02:08.362238,16:02,1,flap
8,16:02:08.362238.csv,16:02:08.362238,16:02,0,walk
9,16:02:08.362238.csv,16:02:08.362238,16:02,1,flap
10,16:02:08.362238.csv,16:02:08.362238,16:02,2,still
11,16:02:08.362238.csv,16:02:08.362238,16:02,2,still
12,16:02:08.362238.csv,16:02:08.362238,16:02,2,still
13,16:02:08.362238.csv,16:02:08.362238,16:02,1,flap
14,16:02:08.362238.csv,16:02:08.362238,16:02,1,flap
15,16:02:08.362238.csv,16:02:08.362238,16:02,2,still
16,16:02:08.362238.csv,16:02:08.362238,16:02,1,flap
17,16:02:08.362238.csv,16:02:08.362238,16:02,1,flap
18,16:02:08.362238.csv,16:02:08.362238,16:02,2,still
19,16:02:08.362238.csv,16:02:08.362238,16:02,2,still
20,16:02:08.362238.csv,16:02:08.362238,16:02,2,still
0,16:12:38.143912.csv,16:12:38.143912,16:12,0,walk
1,16:12:38.143912.csv,16:12:38.143912,16:12,0,walk
2,16:12:38.143912.csv,16:12:38.143912,16:12,1,flap
3,16:12:38.143912.csv,16:12:38.143912,16:12,2,still
4,16:12:38.143912.csv,16:12:38.143912,16:12,1,flap
5,16:12:38.143912.csv,16:12:38.143912,16:12,1,flap
6,16:12:38.143912.csv,16:12:38.143912,16:12,1,flap
7,16:12:38.143912.csv,16:12:38.143912,16:12,1,flap
8,16:12:38.143912.csv,16:12:38.143912,16:12,1,flap
9,16:12:38.143912.csv,16:12:38.143912,16:12,1,flap
10,16:12:38.143912.csv,16:12:38.143912,16:12,1,flap
11,16:12:38.143912.csv,16:12:38.143912,16:12,0,walk
12,16:12:38.143912.csv,16:12:38.143912,16:12,1,flap
13,16:12:38.143912.csv,16:12:38.143912,16:12,0,walk
14,16:12:38.143912.csv,16:12:38.143912,16:12,2,still
15,16:12:38.143912.csv,16:12:38.143912,16:12,1,flap
16,16:12:38.143912.csv,16:12:38.143912,16:12,1,flap
17,16:12:38.143912.csv,16:12:38.143912,16:12,1,flap
18,16:12:38.143912.csv,16:12:38.143912,16:12,1,flap
19,16:12:38.143912.csv,16:12:38.143912,16:12,1,flap
20,16:12:38.143912.csv,16:12:38.143912,16:12,1,flap
21,16:12:38.143912.csv,16:12:38.143912,16:12,1,flap
22,16:12:38.143912.csv,16:12:38.143912,16:12,1,flap
23,16:12:38.143912.csv,16:12:38.143912,16:12,0,walk
24,16:12:38.143912.csv,16:12:38.143912,16:12,1,flap
25,16:12:38.143912.csv,16:12:38.143912,16:12,1,flap
26,16:12:38.143912.csv,16:12:38.143912,16:12,1,flap
0,16:17:40.804228.csv,16:17:40.804228,16:17,2,still
1,16:17:40.804228.csv,16:17:40.804228,16:17,2,still
2,16:17:40.804228.csv,16:17:40.804228,16:17,2,still
3,16:17:40.804228.csv,16:17:40.804228,16:17,2,still
4,16:17:40.804228.csv,16:17:40.804228,16:17,2,still
5,16:17:40.804228.csv,16:17:40.804228,16:17,2,still
6,16:17:40.804228.csv,16:17:40.804228,16:17,2,still
7,16:17:40.804228.csv,16:17:40.804228,16:17,2,still
8,16:17:40.804228.csv,16:17:40.804228,16:17,2,still
9,16:17:40.804228.csv,16:17:40.804228,16:17,2,still
10,16:17:40.804228.csv,16:17:40.804228,16:17,2,still
11,16:17:40.804228.csv,16:17:40.804228,16:17,2,still
12,16:17:40.804228.csv,16:17:40.804228,16:17,2,still
13,16:17:40.804228.csv,16:17:40.804228,16:17,2,still
14,16:17:40.804228.csv,16:17:40.804228,16:17,1,flap
15,16:17:40.804228.csv,16:17:40.804228,16:17,1,flap
16,16:17:40.804228.csv,16:17:40.804228,16:17,1,flap
17,16:17:40.804228.csv,16:17:40.804228,16:17,1,flap
18,16:17:40.804228.csv,16:17:40.804228,16:17,1,flap
19,16:17:40.804228.csv,16:17:40.804228,16:17,1,flap
20,16:17:40.804228.csv,16:17:40.804228,16:17,1,flap
21,16:17:40.804228.csv,16:17:40.804228,16:17,1,flap
22,16:17:40.804228.csv,16:17:40.804228,16:17,1,flap
23,16:17:40.804228.csv,16:17:40.804228,16:17,1,flap
24,16:17:40.804228.csv,16:17:40.804228,16:17,1,flap
25,16:17:40.804228.csv,16:17:40.804228,16:17,1,flap
26,16:17:40.804228.csv,16:17:40.804228,16:17,1,flap
0,16:22:43.108686.csv,16:22:43.108686,16:22,0,walk
1,16:22:43.108686.csv,16:22:43.108686,16:22,0,walk
2,16:22:43.108686.csv,16:22:43.108686,16:22,0,walk
3,16:22:43.108686.csv,16:22:43.108686,16:22,0,walk
4,16:22:43.108686.csv,16:22:43.108686,16:22,1,flap
5,16:22:43.108686.csv,16:22:43.108686,16:22,0,walk
6,16:22:43.108686.csv,16:22:43.108686,16:22,0,walk
7,16:22:43.108686.csv,16:22:43.108686,16:22,1,flap
8,16:22:43.108686.csv,16:22:43.108686,16:22,1,flap
9,16:22:43.108686.csv,16:22:43.108686,16:22,1,flap
10,16:22:43.108686.csv,16:22:43.108686,16:22,1,flap
11,16:22:43.108686.csv,16:22:43.108686,16:22,1,flap
12,16:22:43.108686.csv,16:22:43.108686,16:22,1,flap
13,16:22:43.108686.csv,16:22:43.108686,16:22,1,flap
14,16:22:43.108686.csv,16:22:43.108686,16:22,1,flap
15,16:22:43.108686.csv,16:22:43.108686,16:22,0,walk
16,16:22:43.108686.csv,16:22:43.108686,16:22,0,walk
17,16:22:43.108686.csv,16:22:43.108686,16:22,0,walk
18,16:22:43.108686.csv,16:22:43.108686,16:22,0,walk
19,16:22:43.108686.csv,16:22:43.108686,16:22,0,walk
20,16:22:43.108686.csv,16:22:43.108686,16:22,1,flap
21,16:22:43.108686.csv,16:22:43.108686,16:22,1,flap
22,16:22:43.108686.csv,16:22:43.108686,16:22,0,walk
23,16:22:43.108686.csv,16:22:43.108686,16:22,0,walk
24,16:22:43.108686.csv,16:22:43.108686,16:22,1,flap
25,16:22:43.108686.csv,16:22:43.108686,16:22,1,flap
26,16:22:43.108686.csv,16:22:43.108686,16:22,1,flap
0,16:27:45.597672.csv,16:27:45.597672,16:27,1,flap
1,16:27:45.597672.csv,16:27:45.597672,16:27,1,flap
2,16:27:45.597672.csv,16:27:45.597672,16:27,1,flap
3,16:27:45.597672.csv,16:27:45.597672,16:27,1,flap
4,16:27:45.597672.csv,16:27:45.597672,16:27,1,flap
5,16:27:45.597672.csv,16:27:45.597672,16:27,1,flap
6,16:27:45.597672.csv,16:27:45.597672,16:27,1,flap
7,16:27:45.597672.csv,16:27:45.597672,16:27,1,flap
8,16:27:45.597672.csv,16:27:45.597672,16:27,1,flap
9,16:27:45.597672.csv,16:27:45.597672,16:27,1,flap
10,16:27:45.597672.csv,16:27:45.597672,16:27,1,flap
11,16:27:45.597672.csv,16:27:45.597672,16:27,1,flap
12,16:27:45.597672.csv,16:27:45.597672,16:27,1,flap
13,16:27:45.597672.csv,16:27:45.597672,16:27,1,flap
14,16:27:45.597672.csv,16:27:45.597672,16:27,1,flap
15,16:27:45.597672.csv,16:27:45.597672,16:27,1,flap
16,16:27:45.597672.csv,16:27:45.597672,16:27,1,flap
17,16:27:45.597672.csv,16:27:45.597672,16:27,1,flap
18,16:27:45.597672.csv,16:27:45.597672,16:27,1,flap
19,16:27:45.597672.csv,16:27:45.597672,16:27,1,flap
20,16:27:45.597672.csv,16:27:45.597672,16:27,1,flap
21,16:27:45.597672.csv,16:27:45.597672,16:27,1,flap
22,16:27:45.597672.csv,16:27:45.597672,16:27,1,flap
23,16:27:45.597672.csv,16:27:45.597672,16:27,1,flap
24,16:27:45.597672.csv,16:27:45.597672,16:27,1,flap
25,16:27:45.597672.csv,16:27:45.597672,16:27,1,flap
26,16:27:45.597672.csv,16:27:45.597672,16:27,1,flap
